{
  "n_queries": 678,
  "n_persons": 147,
  "n_topics_in_kg": 3492,
  "n_topics_with_authors": 1189,
  "metrics": {
    "V": {
      "MRR": 0.3101205540711283,
      "R@5": 0.4054466919511167,
      "R@10": 0.5321323219553308,
      "NDCG@5": 0.30528837269104864
    },
    "G": {
      "MRR": 0.0991173519032159,
      "R@5": 0.15486725663716813,
      "R@10": 0.22013274336283187,
      "NDCG@5": 0.10409456397026315
    },
    "H": {
      "MRR": 0.20020288167435166,
      "R@5": 0.2588495575221239,
      "R@10": 0.3842709650231774,
      "NDCG@5": 0.18119805532746755
    }
  }
}